[
   {
      "request": null,
      "isSuccess": true,
      "status": 200,
      "data": {
         "errors": []
      },
      "start": "2017-02-01T05:07:11.854Z",
      "duration": 971,
      "iterationNumber": 0,
      "isWarmup": true
   },
   {
      "request": null,
      "isSuccess": true,
      "status": 200,
      "data": {
         "errors": []
      },
      "start": "2017-02-01T05:07:12.839Z",
      "duration": 29,
      "iterationNumber": 1,
      "isWarmup": true
   },
   {
      "request": null,
      "isSuccess": true,
      "status": 200,
      "data": {
         "errors": []
      },
      "start": "2017-02-01T05:07:12.875Z",
      "duration": 24,
      "iterationNumber": 2,
      "isWarmup": true
   },
   {
      "request": null,
      "isSuccess": true,
      "status": 200,
      "data": {
         "errors": []
      },
      "start": "2017-02-01T05:07:12.905Z",
      "duration": 20,
      "iterationNumber": 3,
      "isWarmup": true
   },
   {
      "request": null,
      "isSuccess": true,
      "status": 200,
      "data": {
         "errors": []
      },
      "start": "2017-02-01T05:07:12.933Z",
      "duration": 22,
      "iterationNumber": 4,
      "isWarmup": true
   },
   {
      "request": null,
      "isSuccess": true,
      "status": 200,
      "data": {
         "errors": []
      },
      "start": "2017-02-01T05:07:12.961Z",
      "duration": 25,
      "iterationNumber": 5,
      "isWarmup": false
   },
   {
      "request": null,
      "isSuccess": true,
      "status": 200,
      "data": {
         "errors": []
      },
      "start": "2017-02-01T05:07:12.992Z",
      "duration": 19,
      "iterationNumber": 6,
      "isWarmup": false
   },
   {
      "request": null,
      "isSuccess": true,
      "status": 200,
      "data": {
         "errors": []
      },
      "start": "2017-02-01T05:07:13.018Z",
      "duration": 21,
      "iterationNumber": 7,
      "isWarmup": false
   },
   {
      "request": null,
      "isSuccess": true,
      "status": 200,
      "data": {
         "errors": []
      },
      "start": "2017-02-01T05:07:13.047Z",
      "duration": 21,
      "iterationNumber": 8,
      "isWarmup": false
   },
   {
      "request": null,
      "isSuccess": true,
      "status": 200,
      "data": {
         "errors": []
      },
      "start": "2017-02-01T05:07:13.074Z",
      "duration": 18,
      "iterationNumber": 9,
      "isWarmup": false
   },
   {
      "request": null,
      "isSuccess": true,
      "status": 200,
      "data": {
         "errors": []
      },
      "start": "2017-02-01T05:07:13.098Z",
      "duration": 32,
      "iterationNumber": 10,
      "isWarmup": false
   },
   {
      "request": null,
      "isSuccess": true,
      "status": 200,
      "data": {
         "errors": []
      },
      "start": "2017-02-01T05:07:13.138Z",
      "duration": 38,
      "iterationNumber": 11,
      "isWarmup": false
   },
   {
      "request": null,
      "isSuccess": true,
      "status": 200,
      "data": {
         "errors": []
      },
      "start": "2017-02-01T05:07:13.183Z",
      "duration": 21,
      "iterationNumber": 12,
      "isWarmup": false
   },
   {
      "request": null,
      "isSuccess": true,
      "status": 200,
      "data": {
         "errors": []
      },
      "start": "2017-02-01T05:07:13.210Z",
      "duration": 19,
      "iterationNumber": 13,
      "isWarmup": false
   },
   {
      "request": null,
      "isSuccess": true,
      "status": 200,
      "data": {
         "errors": []
      },
      "start": "2017-02-01T05:07:13.236Z",
      "duration": 28,
      "iterationNumber": 14,
      "isWarmup": false
   },
   {
      "request": null,
      "isSuccess": true,
      "status": 200,
      "data": {
         "errors": []
      },
      "start": "2017-02-01T05:07:13.270Z",
      "duration": 30,
      "iterationNumber": 15,
      "isWarmup": false
   },
   {
      "request": null,
      "isSuccess": true,
      "status": 200,
      "data": {
         "errors": []
      },
      "start": "2017-02-01T05:07:13.305Z",
      "duration": 18,
      "iterationNumber": 16,
      "isWarmup": false
   },
   {
      "request": null,
      "isSuccess": true,
      "status": 200,
      "data": {
         "errors": []
      },
      "start": "2017-02-01T05:07:13.330Z",
      "duration": 22,
      "iterationNumber": 17,
      "isWarmup": false
   },
   {
      "request": null,
      "isSuccess": true,
      "status": 200,
      "data": {
         "errors": []
      },
      "start": "2017-02-01T05:07:13.358Z",
      "duration": 22,
      "iterationNumber": 18,
      "isWarmup": false
   },
   {
      "request": null,
      "isSuccess": true,
      "status": 200,
      "data": {
         "errors": []
      },
      "start": "2017-02-01T05:07:13.387Z",
      "duration": 19,
      "iterationNumber": 19,
      "isWarmup": false
   },
   {
      "request": null,
      "isSuccess": true,
      "status": 200,
      "data": {
         "errors": []
      },
      "start": "2017-02-01T05:07:13.412Z",
      "duration": 44,
      "iterationNumber": 20,
      "isWarmup": false
   },
   {
      "request": null,
      "isSuccess": true,
      "status": 200,
      "data": {
         "errors": []
      },
      "start": "2017-02-01T05:07:13.463Z",
      "duration": 23,
      "iterationNumber": 21,
      "isWarmup": false
   },
   {
      "request": null,
      "isSuccess": true,
      "status": 200,
      "data": {
         "errors": []
      },
      "start": "2017-02-01T05:07:13.492Z",
      "duration": 19,
      "iterationNumber": 22,
      "isWarmup": false
   },
   {
      "request": null,
      "isSuccess": true,
      "status": 200,
      "data": {
         "errors": []
      },
      "start": "2017-02-01T05:07:13.518Z",
      "duration": 21,
      "iterationNumber": 23,
      "isWarmup": false
   },
   {
      "request": null,
      "isSuccess": true,
      "status": 200,
      "data": {
         "errors": []
      },
      "start": "2017-02-01T05:07:13.545Z",
      "duration": 24,
      "iterationNumber": 24,
      "isWarmup": false
   },
   {
      "request": null,
      "isSuccess": true,
      "status": 200,
      "data": {
         "errors": []
      },
      "start": "2017-02-01T05:07:13.576Z",
      "duration": 21,
      "iterationNumber": 25,
      "isWarmup": false
   },
   {
      "request": null,
      "isSuccess": true,
      "status": 200,
      "data": {
         "errors": []
      },
      "start": "2017-02-01T05:07:13.603Z",
      "duration": 23,
      "iterationNumber": 26,
      "isWarmup": false
   },
   {
      "request": null,
      "isSuccess": true,
      "status": 200,
      "data": {
         "errors": []
      },
      "start": "2017-02-01T05:07:13.632Z",
      "duration": 21,
      "iterationNumber": 27,
      "isWarmup": false
   },
   {
      "request": null,
      "isSuccess": true,
      "status": 200,
      "data": {
         "errors": []
      },
      "start": "2017-02-01T05:07:13.659Z",
      "duration": 18,
      "iterationNumber": 28,
      "isWarmup": false
   },
   {
      "request": null,
      "isSuccess": true,
      "status": 200,
      "data": {
         "errors": []
      },
      "start": "2017-02-01T05:07:13.684Z",
      "duration": 20,
      "iterationNumber": 29,
      "isWarmup": false
   },
   {
      "request": null,
      "isSuccess": true,
      "status": 200,
      "data": {
         "errors": []
      },
      "start": "2017-02-01T05:07:13.710Z",
      "duration": 20,
      "iterationNumber": 30,
      "isWarmup": false
   },
   {
      "request": null,
      "isSuccess": true,
      "status": 200,
      "data": {
         "errors": []
      },
      "start": "2017-02-01T05:07:13.736Z",
      "duration": 21,
      "iterationNumber": 31,
      "isWarmup": false
   },
   {
      "request": null,
      "isSuccess": true,
      "status": 200,
      "data": {
         "errors": []
      },
      "start": "2017-02-01T05:07:13.764Z",
      "duration": 19,
      "iterationNumber": 32,
      "isWarmup": false
   },
   {
      "request": null,
      "isSuccess": true,
      "status": 200,
      "data": {
         "errors": []
      },
      "start": "2017-02-01T05:07:13.790Z",
      "duration": 15,
      "iterationNumber": 33,
      "isWarmup": false
   },
   {
      "request": null,
      "isSuccess": true,
      "status": 200,
      "data": {
         "errors": []
      },
      "start": "2017-02-01T05:07:13.811Z",
      "duration": 13,
      "iterationNumber": 34,
      "isWarmup": false
   },
   {
      "request": null,
      "isSuccess": true,
      "status": 200,
      "data": {
         "errors": []
      },
      "start": "2017-02-01T05:07:13.831Z",
      "duration": 17,
      "iterationNumber": 35,
      "isWarmup": false
   },
   {
      "request": null,
      "isSuccess": true,
      "status": 200,
      "data": {
         "errors": []
      },
      "start": "2017-02-01T05:07:13.854Z",
      "duration": 18,
      "iterationNumber": 36,
      "isWarmup": false
   },
   {
      "request": null,
      "isSuccess": true,
      "status": 200,
      "data": {
         "errors": []
      },
      "start": "2017-02-01T05:07:13.877Z",
      "duration": 19,
      "iterationNumber": 37,
      "isWarmup": false
   },
   {
      "request": null,
      "isSuccess": true,
      "status": 200,
      "data": {
         "errors": []
      },
      "start": "2017-02-01T05:07:13.902Z",
      "duration": 17,
      "iterationNumber": 38,
      "isWarmup": false
   },
   {
      "request": null,
      "isSuccess": true,
      "status": 200,
      "data": {
         "errors": []
      },
      "start": "2017-02-01T05:07:13.925Z",
      "duration": 20,
      "iterationNumber": 39,
      "isWarmup": false
   },
   {
      "request": null,
      "isSuccess": true,
      "status": 200,
      "data": {
         "errors": []
      },
      "start": "2017-02-01T05:07:13.951Z",
      "duration": 18,
      "iterationNumber": 40,
      "isWarmup": false
   },
   {
      "request": null,
      "isSuccess": true,
      "status": 200,
      "data": {
         "errors": []
      },
      "start": "2017-02-01T05:07:13.977Z",
      "duration": 25,
      "iterationNumber": 41,
      "isWarmup": false
   },
   {
      "request": null,
      "isSuccess": true,
      "status": 200,
      "data": {
         "errors": []
      },
      "start": "2017-02-01T05:07:14.008Z",
      "duration": 12,
      "iterationNumber": 42,
      "isWarmup": false
   },
   {
      "request": null,
      "isSuccess": true,
      "status": 200,
      "data": {
         "errors": []
      },
      "start": "2017-02-01T05:07:14.025Z",
      "duration": 17,
      "iterationNumber": 43,
      "isWarmup": false
   },
   {
      "request": null,
      "isSuccess": true,
      "status": 200,
      "data": {
         "errors": []
      },
      "start": "2017-02-01T05:07:14.049Z",
      "duration": 16,
      "iterationNumber": 44,
      "isWarmup": false
   },
   {
      "request": null,
      "isSuccess": true,
      "status": 200,
      "data": {
         "errors": []
      },
      "start": "2017-02-01T05:07:14.072Z",
      "duration": 18,
      "iterationNumber": 45,
      "isWarmup": false
   },
   {
      "request": null,
      "isSuccess": true,
      "status": 200,
      "data": {
         "errors": []
      },
      "start": "2017-02-01T05:07:14.097Z",
      "duration": 20,
      "iterationNumber": 46,
      "isWarmup": false
   },
   {
      "request": null,
      "isSuccess": true,
      "status": 200,
      "data": {
         "errors": []
      },
      "start": "2017-02-01T05:07:14.123Z",
      "duration": 16,
      "iterationNumber": 47,
      "isWarmup": false
   },
   {
      "request": null,
      "isSuccess": true,
      "status": 200,
      "data": {
         "errors": []
      },
      "start": "2017-02-01T05:07:14.146Z",
      "duration": 17,
      "iterationNumber": 48,
      "isWarmup": false
   },
   {
      "request": null,
      "isSuccess": true,
      "status": 200,
      "data": {
         "errors": []
      },
      "start": "2017-02-01T05:07:14.171Z",
      "duration": 16,
      "iterationNumber": 49,
      "isWarmup": false
   },
   {
      "request": null,
      "isSuccess": true,
      "status": 200,
      "data": {
         "errors": []
      },
      "start": "2017-02-01T05:07:14.193Z",
      "duration": 18,
      "iterationNumber": 50,
      "isWarmup": false
   },
   {
      "request": null,
      "isSuccess": true,
      "status": 200,
      "data": {
         "errors": []
      },
      "start": "2017-02-01T05:07:14.218Z",
      "duration": 15,
      "iterationNumber": 51,
      "isWarmup": false
   },
   {
      "request": null,
      "isSuccess": true,
      "status": 200,
      "data": {
         "errors": []
      },
      "start": "2017-02-01T05:07:14.239Z",
      "duration": 18,
      "iterationNumber": 52,
      "isWarmup": false
   },
   {
      "request": null,
      "isSuccess": true,
      "status": 200,
      "data": {
         "errors": []
      },
      "start": "2017-02-01T05:07:14.264Z",
      "duration": 19,
      "iterationNumber": 53,
      "isWarmup": false
   },
   {
      "request": null,
      "isSuccess": true,
      "status": 200,
      "data": {
         "errors": []
      },
      "start": "2017-02-01T05:07:14.290Z",
      "duration": 19,
      "iterationNumber": 54,
      "isWarmup": false
   },
   {
      "request": null,
      "isSuccess": true,
      "status": 200,
      "data": {
         "errors": []
      },
      "start": "2017-02-01T05:07:14.315Z",
      "duration": 17,
      "iterationNumber": 55,
      "isWarmup": false
   },
   {
      "request": null,
      "isSuccess": true,
      "status": 200,
      "data": {
         "errors": []
      },
      "start": "2017-02-01T05:07:14.339Z",
      "duration": 17,
      "iterationNumber": 56,
      "isWarmup": false
   },
   {
      "request": null,
      "isSuccess": true,
      "status": 200,
      "data": {
         "errors": []
      },
      "start": "2017-02-01T05:07:14.363Z",
      "duration": 17,
      "iterationNumber": 57,
      "isWarmup": false
   },
   {
      "request": null,
      "isSuccess": true,
      "status": 200,
      "data": {
         "errors": []
      },
      "start": "2017-02-01T05:07:14.386Z",
      "duration": 20,
      "iterationNumber": 58,
      "isWarmup": false
   },
   {
      "request": null,
      "isSuccess": true,
      "status": 200,
      "data": {
         "errors": []
      },
      "start": "2017-02-01T05:07:14.412Z",
      "duration": 15,
      "iterationNumber": 59,
      "isWarmup": false
   },
   {
      "request": null,
      "isSuccess": true,
      "status": 200,
      "data": {
         "errors": []
      },
      "start": "2017-02-01T05:07:14.433Z",
      "duration": 17,
      "iterationNumber": 60,
      "isWarmup": false
   },
   {
      "request": null,
      "isSuccess": true,
      "status": 200,
      "data": {
         "errors": []
      },
      "start": "2017-02-01T05:07:14.456Z",
      "duration": 13,
      "iterationNumber": 61,
      "isWarmup": false
   },
   {
      "request": null,
      "isSuccess": true,
      "status": 200,
      "data": {
         "errors": []
      },
      "start": "2017-02-01T05:07:14.474Z",
      "duration": 15,
      "iterationNumber": 62,
      "isWarmup": false
   },
   {
      "request": null,
      "isSuccess": true,
      "status": 200,
      "data": {
         "errors": []
      },
      "start": "2017-02-01T05:07:14.496Z",
      "duration": 19,
      "iterationNumber": 63,
      "isWarmup": false
   },
   {
      "request": null,
      "isSuccess": true,
      "status": 200,
      "data": {
         "errors": []
      },
      "start": "2017-02-01T05:07:14.521Z",
      "duration": 15,
      "iterationNumber": 64,
      "isWarmup": false
   },
   {
      "request": null,
      "isSuccess": true,
      "status": 200,
      "data": {
         "errors": []
      },
      "start": "2017-02-01T05:07:14.542Z",
      "duration": 17,
      "iterationNumber": 65,
      "isWarmup": false
   },
   {
      "request": null,
      "isSuccess": true,
      "status": 200,
      "data": {
         "errors": []
      },
      "start": "2017-02-01T05:07:14.566Z",
      "duration": 18,
      "iterationNumber": 66,
      "isWarmup": false
   },
   {
      "request": null,
      "isSuccess": true,
      "status": 200,
      "data": {
         "errors": []
      },
      "start": "2017-02-01T05:07:14.590Z",
      "duration": 19,
      "iterationNumber": 67,
      "isWarmup": false
   },
   {
      "request": null,
      "isSuccess": true,
      "status": 200,
      "data": {
         "errors": []
      },
      "start": "2017-02-01T05:07:14.615Z",
      "duration": 19,
      "iterationNumber": 68,
      "isWarmup": false
   },
   {
      "request": null,
      "isSuccess": true,
      "status": 200,
      "data": {
         "errors": []
      },
      "start": "2017-02-01T05:07:14.642Z",
      "duration": 33,
      "iterationNumber": 69,
      "isWarmup": false
   },
   {
      "request": null,
      "isSuccess": true,
      "status": 200,
      "data": {
         "errors": []
      },
      "start": "2017-02-01T05:07:14.682Z",
      "duration": 34,
      "iterationNumber": 70,
      "isWarmup": false
   },
   {
      "request": null,
      "isSuccess": true,
      "status": 200,
      "data": {
         "errors": []
      },
      "start": "2017-02-01T05:07:14.723Z",
      "duration": 29,
      "iterationNumber": 71,
      "isWarmup": false
   },
   {
      "request": null,
      "isSuccess": true,
      "status": 200,
      "data": {
         "errors": []
      },
      "start": "2017-02-01T05:07:14.758Z",
      "duration": 19,
      "iterationNumber": 72,
      "isWarmup": false
   },
   {
      "request": null,
      "isSuccess": true,
      "status": 200,
      "data": {
         "errors": []
      },
      "start": "2017-02-01T05:07:14.783Z",
      "duration": 18,
      "iterationNumber": 73,
      "isWarmup": false
   },
   {
      "request": null,
      "isSuccess": true,
      "status": 200,
      "data": {
         "errors": []
      },
      "start": "2017-02-01T05:07:14.810Z",
      "duration": 21,
      "iterationNumber": 74,
      "isWarmup": false
   },
   {
      "request": null,
      "isSuccess": true,
      "status": 200,
      "data": {
         "errors": []
      },
      "start": "2017-02-01T05:07:14.844Z",
      "duration": 17,
      "iterationNumber": 75,
      "isWarmup": false
   },
   {
      "request": null,
      "isSuccess": true,
      "status": 200,
      "data": {
         "errors": []
      },
      "start": "2017-02-01T05:07:14.867Z",
      "duration": 18,
      "iterationNumber": 76,
      "isWarmup": false
   },
   {
      "request": null,
      "isSuccess": true,
      "status": 200,
      "data": {
         "errors": []
      },
      "start": "2017-02-01T05:07:14.891Z",
      "duration": 21,
      "iterationNumber": 77,
      "isWarmup": false
   },
   {
      "request": null,
      "isSuccess": true,
      "status": 200,
      "data": {
         "errors": []
      },
      "start": "2017-02-01T05:07:14.919Z",
      "duration": 25,
      "iterationNumber": 78,
      "isWarmup": false
   },
   {
      "request": null,
      "isSuccess": true,
      "status": 200,
      "data": {
         "errors": []
      },
      "start": "2017-02-01T05:07:14.951Z",
      "duration": 14,
      "iterationNumber": 79,
      "isWarmup": false
   },
   {
      "request": null,
      "isSuccess": true,
      "status": 200,
      "data": {
         "errors": []
      },
      "start": "2017-02-01T05:07:14.971Z",
      "duration": 16,
      "iterationNumber": 80,
      "isWarmup": false
   },
   {
      "request": null,
      "isSuccess": true,
      "status": 200,
      "data": {
         "errors": []
      },
      "start": "2017-02-01T05:07:14.993Z",
      "duration": 17,
      "iterationNumber": 81,
      "isWarmup": false
   },
   {
      "request": null,
      "isSuccess": true,
      "status": 200,
      "data": {
         "errors": []
      },
      "start": "2017-02-01T05:07:15.017Z",
      "duration": 15,
      "iterationNumber": 82,
      "isWarmup": false
   },
   {
      "request": null,
      "isSuccess": true,
      "status": 200,
      "data": {
         "errors": []
      },
      "start": "2017-02-01T05:07:15.038Z",
      "duration": 15,
      "iterationNumber": 83,
      "isWarmup": false
   },
   {
      "request": null,
      "isSuccess": true,
      "status": 200,
      "data": {
         "errors": []
      },
      "start": "2017-02-01T05:07:15.058Z",
      "duration": 20,
      "iterationNumber": 84,
      "isWarmup": false
   },
   {
      "request": null,
      "isSuccess": true,
      "status": 200,
      "data": {
         "errors": []
      },
      "start": "2017-02-01T05:07:15.084Z",
      "duration": 16,
      "iterationNumber": 85,
      "isWarmup": false
   },
   {
      "request": null,
      "isSuccess": true,
      "status": 200,
      "data": {
         "errors": []
      },
      "start": "2017-02-01T05:07:15.107Z",
      "duration": 18,
      "iterationNumber": 86,
      "isWarmup": false
   },
   {
      "request": null,
      "isSuccess": true,
      "status": 200,
      "data": {
         "errors": []
      },
      "start": "2017-02-01T05:07:15.131Z",
      "duration": 17,
      "iterationNumber": 87,
      "isWarmup": false
   },
   {
      "request": null,
      "isSuccess": true,
      "status": 200,
      "data": {
         "errors": []
      },
      "start": "2017-02-01T05:07:15.155Z",
      "duration": 24,
      "iterationNumber": 88,
      "isWarmup": false
   },
   {
      "request": null,
      "isSuccess": true,
      "status": 200,
      "data": {
         "errors": []
      },
      "start": "2017-02-01T05:07:15.186Z",
      "duration": 17,
      "iterationNumber": 89,
      "isWarmup": false
   },
   {
      "request": null,
      "isSuccess": true,
      "status": 200,
      "data": {
         "errors": []
      },
      "start": "2017-02-01T05:07:15.209Z",
      "duration": 14,
      "iterationNumber": 90,
      "isWarmup": false
   },
   {
      "request": null,
      "isSuccess": true,
      "status": 200,
      "data": {
         "errors": []
      },
      "start": "2017-02-01T05:07:15.231Z",
      "duration": 14,
      "iterationNumber": 91,
      "isWarmup": false
   },
   {
      "request": null,
      "isSuccess": true,
      "status": 200,
      "data": {
         "errors": []
      },
      "start": "2017-02-01T05:07:15.253Z",
      "duration": 15,
      "iterationNumber": 92,
      "isWarmup": false
   },
   {
      "request": null,
      "isSuccess": true,
      "status": 200,
      "data": {
         "errors": []
      },
      "start": "2017-02-01T05:07:15.275Z",
      "duration": 13,
      "iterationNumber": 93,
      "isWarmup": false
   },
   {
      "request": null,
      "isSuccess": true,
      "status": 200,
      "data": {
         "errors": []
      },
      "start": "2017-02-01T05:07:15.293Z",
      "duration": 13,
      "iterationNumber": 94,
      "isWarmup": false
   },
   {
      "request": null,
      "isSuccess": true,
      "status": 200,
      "data": {
         "errors": []
      },
      "start": "2017-02-01T05:07:15.314Z",
      "duration": 17,
      "iterationNumber": 95,
      "isWarmup": false
   },
   {
      "request": null,
      "isSuccess": true,
      "status": 200,
      "data": {
         "errors": []
      },
      "start": "2017-02-01T05:07:15.338Z",
      "duration": 15,
      "iterationNumber": 96,
      "isWarmup": false
   },
   {
      "request": null,
      "isSuccess": true,
      "status": 200,
      "data": {
         "errors": []
      },
      "start": "2017-02-01T05:07:15.359Z",
      "duration": 18,
      "iterationNumber": 97,
      "isWarmup": false
   },
   {
      "request": null,
      "isSuccess": true,
      "status": 200,
      "data": {
         "errors": []
      },
      "start": "2017-02-01T05:07:15.382Z",
      "duration": 14,
      "iterationNumber": 98,
      "isWarmup": false
   }
]